{
  "embargo": "⚠️ Un embargo solo puede realizarse con una orden judicial. Nadie puede entrar a tu casa sin una orden de un juez. (Referencia: Código Nacional de Procedimientos Civiles y Familiares).",
  "demanda": "⚖️ Si recibiste una demanda civil, lo recomendable es buscar asesoría legal o acercarte a CONDUSEF para orientación gratuita.",
  "bienes": "🏠 Los bienes de terceros no pueden ser embargados sin prueba; es importante tener facturas o contratos que acrediten propiedad.",
  "carcel": "🚫 En México en general no existe cárcel por deudas civiles. Si alguien te amenaza con llevarte a prisión por una deuda civil, eso es abuso y debe denunciarse.",
  "cartas": "📄 Modelos: carta de convenio, carta de prórroga, carta de no propiedad. Pide 'cartas' para ver ejemplos."
}
